Column1,Column2,Column3,Column4
timeUnix,logMessage,data.str.body,data.str.restPath
"Mar 25, 2024 @ 14:48:10.785",Response,"{""exceptionID"":0,""message"":""An unexpected error occurred: null"",""timestamp"":1711374490785}",POST http://perseus/service-ng/api/vehicle/v1/gcid/8584ff29-fef4-4f6a-b6e7-202d41f1ddb6/vin
"Mar 25, 2024 @ 14:47:59.625",Response,"{""exceptionID"":0,""message"":""An unexpected error occurred: null"",""timestamp"":1711374479625}",POST http://perseus/service-ng/api/vehicle/v1/gcid/8584ff29-fef4-4f6a-b6e7-202d41f1ddb6/vin
"Mar 25, 2024 @ 14:47:48.665",Response,"{""exceptionID"":0,""message"":""An unexpected error occurred: null"",""timestamp"":1711374468665}",POST http://perseus/service-ng/api/vehicle/v1/gcid/8584ff29-fef4-4f6a-b6e7-202d41f1ddb6/vin
"Mar 25, 2024 @ 14:47:37.644",Response,"{""exceptionID"":0,""message"":""An unexpected error occurred: null"",""timestamp"":1711374457644}",POST http://perseus/service-ng/api/vehicle/v1/gcid/8584ff29-fef4-4f6a-b6e7-202d41f1ddb6/vin
"Mar 25, 2024 @ 14:47:26.622",Response,"{""exceptionID"":0,""message"":""An unexpected error occurred: null"",""timestamp"":1711374446622}",POST http://perseus/service-ng/api/vehicle/v1/gcid/8584ff29-fef4-4f6a-b6e7-202d41f1ddb6/vin
"Mar 25, 2024 @ 14:47:15.975",Response,"{""exceptionID"":0,""message"":""An unexpected error occurred: null"",""timestamp"":1711374435975}",POST http://perseus/service-ng/api/vehicle/v1/gcid/8584ff29-fef4-4f6a-b6e7-202d41f1ddb6/vin
"Mar 25, 2024 @ 14:47:04.628",Response,"{""exceptionID"":0,""message"":""An unexpected error occurred: null"",""timestamp"":1711374424628}",POST http://perseus/service-ng/api/vehicle/v1/gcid/8584ff29-fef4-4f6a-b6e7-202d41f1ddb6/vin
"Mar 25, 2024 @ 14:46:53.612",Response,"{""exceptionID"":0,""message"":""An unexpected error occurred: null"",""timestamp"":1711374413612}",POST http://perseus/service-ng/api/vehicle/v1/gcid/8584ff29-fef4-4f6a-b6e7-202d41f1ddb6/vin
"Mar 25, 2024 @ 14:46:43.472",Response,"{""exceptionID"":0,""message"":""An unexpected error occurred: null"",""timestamp"":1711374403472}",POST http://perseus/service-ng/api/vehicle/v1/gcid/8584ff29-fef4-4f6a-b6e7-202d41f1ddb6/vin
"Mar 25, 2024 @ 14:46:32.953",Response,"{""exceptionID"":0,""message"":""An unexpected error occurred: null"",""timestamp"":1711374392953}",POST http://perseus/service-ng/api/vehicle/v1/gcid/8584ff29-fef4-4f6a-b6e7-202d41f1ddb6/vin
"Mar 25, 2024 @ 14:46:21.871",Response,"{""exceptionID"":0,""message"":""An unexpected error occurred: null"",""timestamp"":1711374381871}",POST http://perseus/service-ng/api/vehicle/v1/gcid/8584ff29-fef4-4f6a-b6e7-202d41f1ddb6/vin
"Mar 25, 2024 @ 14:46:11.873",Response,"{""exceptionID"":0,""message"":""An unexpected error occurred: null"",""timestamp"":1711374371872}",POST http://perseus/service-ng/api/vehicle/v1/gcid/8584ff29-fef4-4f6a-b6e7-202d41f1ddb6/vin
"Mar 25, 2024 @ 14:46:00.617",Response,"{""exceptionID"":0,""message"":""An unexpected error occurred: null"",""timestamp"":1711374360617}",POST http://perseus/service-ng/api/vehicle/v1/gcid/8584ff29-fef4-4f6a-b6e7-202d41f1ddb6/vin
"Mar 25, 2024 @ 14:45:49.766",Response,"{""exceptionID"":0,""message"":""An unexpected error occurred: null"",""timestamp"":1711374349766}",POST http://perseus/service-ng/api/vehicle/v1/gcid/8584ff29-fef4-4f6a-b6e7-202d41f1ddb6/vin
"Mar 25, 2024 @ 14:45:47.142",Response,"{""exceptionID"":0,""message"":""An unexpected error occurred: Exception [EclipseLink-4002] (Eclipse Persistence Services - 2.7.9.payara-p1): org.eclipse.persistence.exceptions.DatabaseException\nInternal Exception: org.postgresql.util.PSQLException: ERROR: duplicate key value violates unique constraint \""serverversion_pkey\""\n  Detail: Key (gcid)=(deab1b54-c929-4da6-b488-b45665057ef5) already exists.\nError Code: 0\nCall: INSERT INTO serverVersion (GCID, lock_version, SERVERTIMESTAMP, SERVERVERSION) VALUES (?, ?, ?, ?)\n\tbind => [4 parameters bound]\nQuery: InsertObjectQuery(ServerVersionBE(gcid=deab1b54-c929-4da6-b488-b45665057ef5, serverVersion=0, serverTimestamp=1711374347012))"",""timestamp"":1711374347141}",PUT http://perseus/service-ng/api/offboard/v1/domains/hmi/schemas/mobileappusage/schema-versions/1.0
"Mar 25, 2024 @ 14:45:38.673",Response,"{""exceptionID"":0,""message"":""An unexpected error occurred: null"",""timestamp"":1711374338673}",POST http://perseus/service-ng/api/vehicle/v1/gcid/8584ff29-fef4-4f6a-b6e7-202d41f1ddb6/vin
"Mar 25, 2024 @ 14:45:27.912",Response,"{""exceptionID"":0,""message"":""An unexpected error occurred: null"",""timestamp"":1711374327912}",POST http://perseus/service-ng/api/vehicle/v1/gcid/8584ff29-fef4-4f6a-b6e7-202d41f1ddb6/vin
"Mar 25, 2024 @ 14:45:16.823",Response,"{""exceptionID"":0,""message"":""An unexpected error occurred: null"",""timestamp"":1711374316822}",POST http://perseus/service-ng/api/vehicle/v1/gcid/8584ff29-fef4-4f6a-b6e7-202d41f1ddb6/vin
"Mar 25, 2024 @ 14:45:05.684",Response,"{""exceptionID"":0,""message"":""An unexpected error occurred: null"",""timestamp"":1711374305684}",POST http://perseus/service-ng/api/vehicle/v1/gcid/8584ff29-fef4-4f6a-b6e7-202d41f1ddb6/vin
"Mar 25, 2024 @ 14:44:54.707",Response,"{""exceptionID"":0,""message"":""An unexpected error occurred: null"",""timestamp"":1711374294707}",POST http://perseus/service-ng/api/vehicle/v1/gcid/8584ff29-fef4-4f6a-b6e7-202d41f1ddb6/vin
"Mar 25, 2024 @ 14:44:48.220",Response,"{""exceptionID"":0,""message"":""Could not get lock for saving migration data."",""timestamp"":1711374288219}",GET http://perseus/service-ng/api/vehicle/v1/gcid/c2c9182c-cb92-4304-bdb4-a470777ed9a0/vin/WBA11EG0905Y37298/pds
"Mar 25, 2024 @ 14:44:44.629",Response,"{""exceptionID"":0,""message"":""An unexpected error occurred: null"",""timestamp"":1711374284629}",POST http://perseus/service-ng/api/vehicle/v1/gcid/8584ff29-fef4-4f6a-b6e7-202d41f1ddb6/vin
"Mar 25, 2024 @ 14:44:34.597",Response,"{""exceptionID"":0,""message"":""An unexpected error occurred: null"",""timestamp"":1711374274597}",POST http://perseus/service-ng/api/vehicle/v1/gcid/8584ff29-fef4-4f6a-b6e7-202d41f1ddb6/vin
"Mar 25, 2024 @ 14:44:23.662",Response,"{""exceptionID"":0,""message"":""An unexpected error occurred: null"",""timestamp"":1711374263661}",POST http://perseus/service-ng/api/vehicle/v1/gcid/8584ff29-fef4-4f6a-b6e7-202d41f1ddb6/vin
"Mar 25, 2024 @ 14:44:13.724",Response,"{""exceptionID"":0,""message"":""An unexpected error occurred: null"",""timestamp"":1711374253724}",POST http://perseus/service-ng/api/vehicle/v1/gcid/8584ff29-fef4-4f6a-b6e7-202d41f1ddb6/vin
"Mar 25, 2024 @ 14:44:02.750",Response,"{""exceptionID"":0,""message"":""An unexpected error occurred: null"",""timestamp"":1711374242750}",POST http://perseus/service-ng/api/vehicle/v1/gcid/8584ff29-fef4-4f6a-b6e7-202d41f1ddb6/vin
"Mar 25, 2024 @ 14:43:51.584",Response,"{""exceptionID"":0,""message"":""An unexpected error occurred: null"",""timestamp"":1711374231583}",POST http://perseus/service-ng/api/vehicle/v1/gcid/8584ff29-fef4-4f6a-b6e7-202d41f1ddb6/vin
"Mar 25, 2024 @ 14:43:41.474",Response,"{""exceptionID"":0,""message"":""An unexpected error occurred: null"",""timestamp"":1711374221473}",POST http://perseus/service-ng/api/vehicle/v1/gcid/8584ff29-fef4-4f6a-b6e7-202d41f1ddb6/vin
"Mar 25, 2024 @ 14:42:10.498",Response,"{""exceptionID"":0,""message"":""Could not get lock for saving migration data."",""timestamp"":1711374130497}",GET http://perseus/service-ng/api/vehicle/v1/gcid/50b21039-768b-4bf3-821d-84788f4941c1/vin/WBA81GM0005Y79339/pds
"Mar 25, 2024 @ 14:40:24.960",Response,-,DELETE http://perseus/service-ng/api/offboard/v1/association/gcid/vin
"Mar 25, 2024 @ 14:38:21.948",Response,"{""exceptionID"":0,""message"":""An unexpected error occurred: Exception [EclipseLink-4002] (Eclipse Persistence Services - 2.7.9.payara-p1): org.eclipse.persistence.exceptions.DatabaseException\nInternal Exception: org.postgresql.util.PSQLException: ERROR: duplicate key value violates unique constraint \""serverversion_pkey\""\n  Detail: Key (gcid)=(4171398d-59b8-4d3b-af1d-09c600ca8df8) already exists.\nError Code: 0\nCall: INSERT INTO serverVersion (GCID, lock_version, SERVERTIMESTAMP, SERVERVERSION) VALUES (?, ?, ?, ?)\n\tbind => [4 parameters bound]\nQuery: InsertObjectQuery(ServerVersionBE(gcid=4171398d-59b8-4d3b-af1d-09c600ca8df8, serverVersion=0, serverTimestamp=1711373901770))"",""timestamp"":1711373901947}",PUT http://perseus/service-ng/api/offboard/v1/domains/hmi/schemas/mobileappusage/schema-versions/1.0
"Mar 25, 2024 @ 14:38:04.698",Response,"{""exceptionID"":0,""message"":""An unexpected error occurred: Exception [EclipseLink-4002] (Eclipse Persistence Services - 2.7.9.payara-p1): org.eclipse.persistence.exceptions.DatabaseException\nInternal Exception: org.postgresql.util.PSQLException: ERROR: duplicate key value violates unique constraint \""serverversion_pkey\""\n  Detail: Key (gcid)=(25cbdcf6-9a84-45ec-bcd5-71064176b43b) already exists.\nError Code: 0\nCall: INSERT INTO serverVersion (GCID, lock_version, SERVERTIMESTAMP, SERVERVERSION) VALUES (?, ?, ?, ?)\n\tbind => [4 parameters bound]\nQuery: InsertObjectQuery(ServerVersionBE(gcid=25cbdcf6-9a84-45ec-bcd5-71064176b43b, serverVersion=0, serverTimestamp=1711373884237))"",""timestamp"":1711373884697}",PUT http://perseus/service-ng/api/offboard/v1/domains/hmi/schemas/mobileappusage/schema-versions/1.0
"Mar 25, 2024 @ 14:32:19.620",Response,"{""exceptionID"":0,""message"":""Could not get lock for saving migration data."",""timestamp"":1711373539619}",GET http://perseus/service-ng/api/vehicle/v1/gcid/fc1e2da5-19bc-451f-9c84-45542c5611c3/vin/WMW32GA0607P04982/pds
"Mar 25, 2024 @ 14:31:56.659",Response,"{""exceptionID"":0,""message"":""Could not get lock for saving migration data."",""timestamp"":1711373516659}",GET http://perseus/service-ng/api/vehicle/v1/gcid/ce921d85-1a1d-4686-896d-f97dfb68d0ad/vin/WMW32GA0407P09789/pds
"Mar 25, 2024 @ 14:31:56.273",Response,"{""exceptionID"":0,""message"":""Could not get lock for saving migration data."",""timestamp"":1711373516272}",GET http://perseus/service-ng/api/vehicle/v1/gcid/ce921d85-1a1d-4686-896d-f97dfb68d0ad/vin/WMW32GA0407P09789/pds
"Mar 25, 2024 @ 14:31:55.035",Response,"{""exceptionID"":0,""message"":""An unexpected error occurred: Exception [EclipseLink-4002] (Eclipse Persistence Services - 2.7.9.payara-p1): org.eclipse.persistence.exceptions.DatabaseException\nInternal Exception: org.postgresql.util.PSQLException: ERROR: duplicate key value violates unique constraint \""serverversion_pkey\""\n  Detail: Key (gcid)=(ce921d85-1a1d-4686-896d-f97dfb68d0ad) already exists.\nError Code: 0\nCall: INSERT INTO serverVersion (GCID, lock_version, SERVERTIMESTAMP, SERVERVERSION) VALUES (?, ?, ?, ?)\n\tbind => [4 parameters bound]\nQuery: InsertObjectQuery(ServerVersionBE(gcid=ce921d85-1a1d-4686-896d-f97dfb68d0ad, serverVersion=0, serverTimestamp=1711373514883))"",""timestamp"":1711373515034}",PUT http://perseus/service-ng/api/offboard/v1/domains/hmi/schemas/mobileappusage/schema-versions/1.0
"Mar 25, 2024 @ 14:30:15.656",Response,"{""exceptionID"":0,""message"":""An unexpected error occurred: Exception [EclipseLink-4002] (Eclipse Persistence Services - 2.7.9.payara-p1): org.eclipse.persistence.exceptions.DatabaseException\nInternal Exception: org.postgresql.util.PSQLException: ERROR: duplicate key value violates unique constraint \""serverversion_pkey\""\n  Detail: Key (gcid)=(64e1772f-9260-453a-abd2-3c14616c1de8) already exists.\nError Code: 0\nCall: INSERT INTO serverVersion (GCID, lock_version, SERVERTIMESTAMP, SERVERVERSION) VALUES (?, ?, ?, ?)\n\tbind => [4 parameters bound]\nQuery: InsertObjectQuery(ServerVersionBE(gcid=64e1772f-9260-453a-abd2-3c14616c1de8, serverVersion=0, serverTimestamp=1711373415525))"",""timestamp"":1711373415656}",PUT http://perseus/service-ng/api/offboard/v1/domains/hmi/schemas/mobileappusage/schema-versions/1.0
"Mar 25, 2024 @ 14:26:37.924",Response,"{""exceptionID"":0,""message"":""Could not get lock for saving migration data."",""timestamp"":1711373197923}",GET http://perseus/service-ng/api/vehicle/v1/gcid/d3d6bbaa-20dd-4f98-8f83-d52298fa481c/vin/WBA21EF0805Y94355/pds
"Mar 25, 2024 @ 14:26:06.485",Response,"{""exceptionID"":0,""message"":""An unexpected error occurred: Exception [EclipseLink-4002] (Eclipse Persistence Services - 2.7.9.payara-p1): org.eclipse.persistence.exceptions.DatabaseException\nInternal Exception: org.postgresql.util.PSQLException: ERROR: duplicate key value violates unique constraint \""serverversion_pkey\""\n  Detail: Key (gcid)=(46c32fd8-a54d-4ee7-8b9c-3d383b3e15fc) already exists.\nError Code: 0\nCall: INSERT INTO serverVersion (GCID, lock_version, SERVERTIMESTAMP, SERVERVERSION) VALUES (?, ?, ?, ?)\n\tbind => [4 parameters bound]\nQuery: InsertObjectQuery(ServerVersionBE(gcid=46c32fd8-a54d-4ee7-8b9c-3d383b3e15fc, serverVersion=0, serverTimestamp=1711373166224))"",""timestamp"":1711373166484}",PUT http://perseus/service-ng/api/offboard/v1/domains/hmi/schemas/mobileappusage/schema-versions/1.0
"Mar 25, 2024 @ 14:25:11.239",Response,"{""exceptionID"":0,""message"":""ServerVersion was updated during saving migration data."",""timestamp"":1711373111234}",GET http://perseus/service-ng/api/vehicle/v1/gcid/6d5edbe8-d3b7-4763-b7db-e482e951ea38/vin/WBA21EF0X05Z02102/pds
"Mar 25, 2024 @ 14:24:57.730",Response,"{""exceptionID"":0,""message"":""Could not get lock for saving migration data."",""timestamp"":1711373097729}",GET http://perseus/service-ng/api/vehicle/v1/gcid/1b1cd421-efbe-483c-8d22-3ddb5d62a6e4/vin/WBA21EH0X0CJ80106/pds
"Mar 25, 2024 @ 14:23:44.800",Response,"{""exceptionID"":0,""message"":""Could not get lock for saving migration data."",""timestamp"":1711373024799}",GET http://perseus/service-ng/api/vehicle/v1/gcid/9040eff0-37d4-4af2-b068-f2683ef9815a/vin/WBA58FU0808E35068/pds
"Mar 25, 2024 @ 14:23:18.164",Response,"{""exceptionID"":259901,""message"":""You cannot create an association for this user. The user is unknown to the GCDM."",""timestamp"":1711372998163}",POST http://perseus/service-ng/api/offboard/v1/association/gcid/vin
"Mar 25, 2024 @ 14:23:17.558",Response,"{""exceptionID"":259901,""message"":""You cannot create an association for this user. The user is unknown to the GCDM."",""timestamp"":1711372997556}",POST http://perseus/service-ng/api/offboard/v1/association/gcid/vin
"Mar 25, 2024 @ 14:23:16.875",Response,"{""exceptionID"":259901,""message"":""You cannot create an association for this user. The user is unknown to the GCDM."",""timestamp"":1711372996873}",POST http://perseus/service-ng/api/offboard/v1/association/gcid/vin
"Mar 25, 2024 @ 14:23:08.821",Response,"{""exceptionID"":0,""message"":""An unexpected error occurred: Exception [EclipseLink-4002] (Eclipse Persistence Services - 2.7.9.payara-p1): org.eclipse.persistence.exceptions.DatabaseException\nInternal Exception: org.postgresql.util.PSQLException: ERROR: duplicate key value violates unique constraint \""serverversion_pkey\""\n  Detail: Key (gcid)=(8d9c50ca-ae7f-4f06-aab7-2dae3fc6de50) already exists.\nError Code: 0\nCall: INSERT INTO serverVersion (GCID, lock_version, SERVERTIMESTAMP, SERVERVERSION) VALUES (?, ?, ?, ?)\n\tbind => [4 parameters bound]\nQuery: InsertObjectQuery(ServerVersionBE(gcid=8d9c50ca-ae7f-4f06-aab7-2dae3fc6de50, serverVersion=0, serverTimestamp=1711372988654))"",""timestamp"":1711372988821}",PUT http://perseus/service-ng/api/offboard/v1/domains/hmi/schemas/mobileappusage/schema-versions/1.0
"Mar 25, 2024 @ 14:21:32.287",Response,"{""exceptionID"":0,""message"":""An unexpected error occurred: null"",""timestamp"":1711372892287}",POST http://perseus/service-ng/api/vehicle/v1/gcid/8584ff29-fef4-4f6a-b6e7-202d41f1ddb6/vin
"Mar 25, 2024 @ 14:21:21.312",Response,"{""exceptionID"":0,""message"":""An unexpected error occurred: null"",""timestamp"":1711372881312}",POST http://perseus/service-ng/api/vehicle/v1/gcid/8584ff29-fef4-4f6a-b6e7-202d41f1ddb6/vin
"Mar 25, 2024 @ 14:21:10.324",Response,"{""exceptionID"":0,""message"":""An unexpected error occurred: null"",""timestamp"":1711372870324}",POST http://perseus/service-ng/api/vehicle/v1/gcid/8584ff29-fef4-4f6a-b6e7-202d41f1ddb6/vin
"Mar 25, 2024 @ 14:21:00.186",Response,"{""exceptionID"":0,""message"":""An unexpected error occurred: null"",""timestamp"":1711372860185}",POST http://perseus/service-ng/api/vehicle/v1/gcid/8584ff29-fef4-4f6a-b6e7-202d41f1ddb6/vin
"Mar 25, 2024 @ 14:20:50.099",Response,"{""exceptionID"":0,""message"":""An unexpected error occurred: null"",""timestamp"":1711372850099}",POST http://perseus/service-ng/api/vehicle/v1/gcid/8584ff29-fef4-4f6a-b6e7-202d41f1ddb6/vin
"Mar 25, 2024 @ 14:20:39.100",Response,"{""exceptionID"":0,""message"":""An unexpected error occurred: null"",""timestamp"":1711372839100}",POST http://perseus/service-ng/api/vehicle/v1/gcid/8584ff29-fef4-4f6a-b6e7-202d41f1ddb6/vin
"Mar 25, 2024 @ 14:20:28.161",Response,"{""exceptionID"":0,""message"":""An unexpected error occurred: null"",""timestamp"":1711372828160}",POST http://perseus/service-ng/api/vehicle/v1/gcid/8584ff29-fef4-4f6a-b6e7-202d41f1ddb6/vin
"Mar 25, 2024 @ 14:20:17.175",Response,"{""exceptionID"":0,""message"":""An unexpected error occurred: null"",""timestamp"":1711372817174}",POST http://perseus/service-ng/api/vehicle/v1/gcid/8584ff29-fef4-4f6a-b6e7-202d41f1ddb6/vin
"Mar 25, 2024 @ 14:20:06.233",Response,"{""exceptionID"":0,""message"":""An unexpected error occurred: null"",""timestamp"":1711372806233}",POST http://perseus/service-ng/api/vehicle/v1/gcid/8584ff29-fef4-4f6a-b6e7-202d41f1ddb6/vin
"Mar 25, 2024 @ 14:19:55.182",Response,"{""exceptionID"":0,""message"":""An unexpected error occurred: null"",""timestamp"":1711372795182}",POST http://perseus/service-ng/api/vehicle/v1/gcid/8584ff29-fef4-4f6a-b6e7-202d41f1ddb6/vin
"Mar 25, 2024 @ 14:19:44.276",Response,"{""exceptionID"":0,""message"":""An unexpected error occurred: null"",""timestamp"":1711372784276}",POST http://perseus/service-ng/api/vehicle/v1/gcid/8584ff29-fef4-4f6a-b6e7-202d41f1ddb6/vin
"Mar 25, 2024 @ 14:19:33.240",Response,"{""exceptionID"":0,""message"":""An unexpected error occurred: null"",""timestamp"":1711372773240}",POST http://perseus/service-ng/api/vehicle/v1/gcid/8584ff29-fef4-4f6a-b6e7-202d41f1ddb6/vin
"Mar 25, 2024 @ 14:19:22.250",Response,"{""exceptionID"":0,""message"":""An unexpected error occurred: null"",""timestamp"":1711372762250}",POST http://perseus/service-ng/api/vehicle/v1/gcid/8584ff29-fef4-4f6a-b6e7-202d41f1ddb6/vin
"Mar 25, 2024 @ 14:19:11.349",Response,"{""exceptionID"":0,""message"":""An unexpected error occurred: null"",""timestamp"":1711372751349}",POST http://perseus/service-ng/api/vehicle/v1/gcid/8584ff29-fef4-4f6a-b6e7-202d41f1ddb6/vin
"Mar 25, 2024 @ 14:19:00.273",Response,"{""exceptionID"":0,""message"":""An unexpected error occurred: null"",""timestamp"":1711372740273}",POST http://perseus/service-ng/api/vehicle/v1/gcid/8584ff29-fef4-4f6a-b6e7-202d41f1ddb6/vin
"Mar 25, 2024 @ 14:18:49.248",Response,"{""exceptionID"":0,""message"":""An unexpected error occurred: null"",""timestamp"":1711372729248}",POST http://perseus/service-ng/api/vehicle/v1/gcid/8584ff29-fef4-4f6a-b6e7-202d41f1ddb6/vin
"Mar 25, 2024 @ 14:18:39.081",Response,"{""exceptionID"":0,""message"":""An unexpected error occurred: null"",""timestamp"":1711372719081}",POST http://perseus/service-ng/api/vehicle/v1/gcid/8584ff29-fef4-4f6a-b6e7-202d41f1ddb6/vin
"Mar 25, 2024 @ 14:18:28.194",Response,"{""exceptionID"":0,""message"":""An unexpected error occurred: null"",""timestamp"":1711372708194}",POST http://perseus/service-ng/api/vehicle/v1/gcid/8584ff29-fef4-4f6a-b6e7-202d41f1ddb6/vin
"Mar 25, 2024 @ 14:18:17.270",Response,"{""exceptionID"":0,""message"":""An unexpected error occurred: null"",""timestamp"":1711372697270}",POST http://perseus/service-ng/api/vehicle/v1/gcid/8584ff29-fef4-4f6a-b6e7-202d41f1ddb6/vin
"Mar 25, 2024 @ 14:18:06.494",Response,"{""exceptionID"":0,""message"":""An unexpected error occurred: null"",""timestamp"":1711372686494}",POST http://perseus/service-ng/api/vehicle/v1/gcid/8584ff29-fef4-4f6a-b6e7-202d41f1ddb6/vin
"Mar 25, 2024 @ 14:17:55.192",Response,"{""exceptionID"":0,""message"":""An unexpected error occurred: null"",""timestamp"":1711372675192}",POST http://perseus/service-ng/api/vehicle/v1/gcid/8584ff29-fef4-4f6a-b6e7-202d41f1ddb6/vin
"Mar 25, 2024 @ 14:17:44.182",Response,"{""exceptionID"":0,""message"":""An unexpected error occurred: null"",""timestamp"":1711372664182}",POST http://perseus/service-ng/api/vehicle/v1/gcid/8584ff29-fef4-4f6a-b6e7-202d41f1ddb6/vin
"Mar 25, 2024 @ 14:17:33.236",Response,"{""exceptionID"":0,""message"":""An unexpected error occurred: null"",""timestamp"":1711372653236}",POST http://perseus/service-ng/api/vehicle/v1/gcid/8584ff29-fef4-4f6a-b6e7-202d41f1ddb6/vin
"Mar 25, 2024 @ 14:17:22.318",Response,"{""exceptionID"":0,""message"":""An unexpected error occurred: null"",""timestamp"":1711372642318}",POST http://perseus/service-ng/api/vehicle/v1/gcid/8584ff29-fef4-4f6a-b6e7-202d41f1ddb6/vin
"Mar 25, 2024 @ 14:17:11.418",Response,"{""exceptionID"":0,""message"":""An unexpected error occurred: null"",""timestamp"":1711372631418}",POST http://perseus/service-ng/api/vehicle/v1/gcid/8584ff29-fef4-4f6a-b6e7-202d41f1ddb6/vin
"Mar 25, 2024 @ 14:17:00.292",Response,"{""exceptionID"":0,""message"":""An unexpected error occurred: null"",""timestamp"":1711372620292}",POST http://perseus/service-ng/api/vehicle/v1/gcid/8584ff29-fef4-4f6a-b6e7-202d41f1ddb6/vin
"Mar 25, 2024 @ 14:16:49.303",Response,"{""exceptionID"":0,""message"":""An unexpected error occurred: null"",""timestamp"":1711372609302}",POST http://perseus/service-ng/api/vehicle/v1/gcid/8584ff29-fef4-4f6a-b6e7-202d41f1ddb6/vin
"Mar 25, 2024 @ 14:16:39.164",Response,"{""exceptionID"":0,""message"":""An unexpected error occurred: null"",""timestamp"":1711372599163}",POST http://perseus/service-ng/api/vehicle/v1/gcid/8584ff29-fef4-4f6a-b6e7-202d41f1ddb6/vin
"Mar 25, 2024 @ 14:16:28.186",Response,"{""exceptionID"":0,""message"":""An unexpected error occurred: null"",""timestamp"":1711372588186}",POST http://perseus/service-ng/api/vehicle/v1/gcid/8584ff29-fef4-4f6a-b6e7-202d41f1ddb6/vin
"Mar 25, 2024 @ 14:16:17.304",Response,"{""exceptionID"":0,""message"":""An unexpected error occurred: null"",""timestamp"":1711372577304}",POST http://perseus/service-ng/api/vehicle/v1/gcid/8584ff29-fef4-4f6a-b6e7-202d41f1ddb6/vin
"Mar 25, 2024 @ 14:16:06.394",Response,"{""exceptionID"":0,""message"":""An unexpected error occurred: null"",""timestamp"":1711372566393}",POST http://perseus/service-ng/api/vehicle/v1/gcid/8584ff29-fef4-4f6a-b6e7-202d41f1ddb6/vin
"Mar 25, 2024 @ 14:15:55.235",Response,"{""exceptionID"":0,""message"":""An unexpected error occurred: null"",""timestamp"":1711372555235}",POST http://perseus/service-ng/api/vehicle/v1/gcid/8584ff29-fef4-4f6a-b6e7-202d41f1ddb6/vin
"Mar 25, 2024 @ 14:15:54.731",Response,"{""exceptionID"":0,""message"":""An unexpected error occurred: Exception [EclipseLink-4002] (Eclipse Persistence Services - 2.7.9.payara-p1): org.eclipse.persistence.exceptions.DatabaseException\nInternal Exception: org.postgresql.util.PSQLException: ERROR: duplicate key value violates unique constraint \""serverversion_pkey\""\n  Detail: Key (gcid)=(39854fac-4261-4c22-8f36-aa459a603441) already exists.\nError Code: 0\nCall: INSERT INTO serverVersion (GCID, lock_version, SERVERTIMESTAMP, SERVERVERSION) VALUES (?, ?, ?, ?)\n\tbind => [4 parameters bound]\nQuery: InsertObjectQuery(ServerVersionBE(gcid=39854fac-4261-4c22-8f36-aa459a603441, serverVersion=0, serverTimestamp=1711372554261))"",""timestamp"":1711372554731}",PUT http://perseus/service-ng/api/offboard/v1/domains/hmi/schemas/mobileappusage/schema-versions/1.0
"Mar 25, 2024 @ 14:15:44.251",Response,"{""exceptionID"":0,""message"":""An unexpected error occurred: null"",""timestamp"":1711372544251}",POST http://perseus/service-ng/api/vehicle/v1/gcid/8584ff29-fef4-4f6a-b6e7-202d41f1ddb6/vin
"Mar 25, 2024 @ 14:15:33.189",Response,"{""exceptionID"":0,""message"":""An unexpected error occurred: null"",""timestamp"":1711372533188}",POST http://perseus/service-ng/api/vehicle/v1/gcid/8584ff29-fef4-4f6a-b6e7-202d41f1ddb6/vin
"Mar 25, 2024 @ 14:15:22.197",Response,"{""exceptionID"":0,""message"":""An unexpected error occurred: null"",""timestamp"":1711372522197}",POST http://perseus/service-ng/api/vehicle/v1/gcid/8584ff29-fef4-4f6a-b6e7-202d41f1ddb6/vin
"Mar 25, 2024 @ 14:15:12.184",Response,"{""exceptionID"":0,""message"":""An unexpected error occurred: null"",""timestamp"":1711372512184}",POST http://perseus/service-ng/api/vehicle/v1/gcid/8584ff29-fef4-4f6a-b6e7-202d41f1ddb6/vin
"Mar 25, 2024 @ 14:15:02.323",Response,"{""exceptionID"":0,""message"":""An unexpected error occurred: null"",""timestamp"":1711372502323}",POST http://perseus/service-ng/api/vehicle/v1/gcid/8584ff29-fef4-4f6a-b6e7-202d41f1ddb6/vin
"Mar 25, 2024 @ 14:14:52.138",Response,"{""exceptionID"":0,""message"":""An unexpected error occurred: null"",""timestamp"":1711372492138}",POST http://perseus/service-ng/api/vehicle/v1/gcid/8584ff29-fef4-4f6a-b6e7-202d41f1ddb6/vin
"Mar 25, 2024 @ 14:14:42.222",Response,"{""exceptionID"":0,""message"":""An unexpected error occurred: null"",""timestamp"":1711372482222}",POST http://perseus/service-ng/api/vehicle/v1/gcid/8584ff29-fef4-4f6a-b6e7-202d41f1ddb6/vin
"Mar 25, 2024 @ 14:14:32.207",Response,"{""exceptionID"":0,""message"":""An unexpected error occurred: null"",""timestamp"":1711372472207}",POST http://perseus/service-ng/api/vehicle/v1/gcid/8584ff29-fef4-4f6a-b6e7-202d41f1ddb6/vin
"Mar 25, 2024 @ 14:14:21.176",Response,"{""exceptionID"":0,""message"":""An unexpected error occurred: null"",""timestamp"":1711372461176}",POST http://perseus/service-ng/api/vehicle/v1/gcid/8584ff29-fef4-4f6a-b6e7-202d41f1ddb6/vin
"Mar 25, 2024 @ 14:14:10.367",Response,"{""exceptionID"":0,""message"":""An unexpected error occurred: null"",""timestamp"":1711372450367}",POST http://perseus/service-ng/api/vehicle/v1/gcid/8584ff29-fef4-4f6a-b6e7-202d41f1ddb6/vin
"Mar 25, 2024 @ 14:14:00.060",Response,"{""exceptionID"":0,""message"":""An unexpected error occurred: null"",""timestamp"":1711372440060}",POST http://perseus/service-ng/api/vehicle/v1/gcid/8584ff29-fef4-4f6a-b6e7-202d41f1ddb6/vin
"Mar 25, 2024 @ 14:13:50.076",Response,"{""exceptionID"":0,""message"":""An unexpected error occurred: null"",""timestamp"":1711372430076}",POST http://perseus/service-ng/api/vehicle/v1/gcid/8584ff29-fef4-4f6a-b6e7-202d41f1ddb6/vin
"Mar 25, 2024 @ 14:13:40.218",Response,"{""exceptionID"":0,""message"":""An unexpected error occurred: null"",""timestamp"":1711372420217}",POST http://perseus/service-ng/api/vehicle/v1/gcid/8584ff29-fef4-4f6a-b6e7-202d41f1ddb6/vin
"Mar 25, 2024 @ 14:13:30.096",Response,"{""exceptionID"":0,""message"":""An unexpected error occurred: null"",""timestamp"":1711372410095}",POST http://perseus/service-ng/api/vehicle/v1/gcid/8584ff29-fef4-4f6a-b6e7-202d41f1ddb6/vin
"Mar 25, 2024 @ 14:13:20.190",Response,"{""exceptionID"":0,""message"":""An unexpected error occurred: null"",""timestamp"":1711372400190}",POST http://perseus/service-ng/api/vehicle/v1/gcid/8584ff29-fef4-4f6a-b6e7-202d41f1ddb6/vin
"Mar 25, 2024 @ 14:13:10.182",Response,"{""exceptionID"":0,""message"":""An unexpected error occurred: null"",""timestamp"":1711372390182}",POST http://perseus/service-ng/api/vehicle/v1/gcid/8584ff29-fef4-4f6a-b6e7-202d41f1ddb6/vin
"Mar 25, 2024 @ 14:13:00.106",Response,"{""exceptionID"":0,""message"":""An unexpected error occurred: null"",""timestamp"":1711372380106}",POST http://perseus/service-ng/api/vehicle/v1/gcid/8584ff29-fef4-4f6a-b6e7-202d41f1ddb6/vin
"Mar 25, 2024 @ 14:12:49.141",Response,"{""exceptionID"":0,""message"":""An unexpected error occurred: null"",""timestamp"":1711372369140}",POST http://perseus/service-ng/api/vehicle/v1/gcid/8584ff29-fef4-4f6a-b6e7-202d41f1ddb6/vin
"Mar 25, 2024 @ 14:12:39.116",Response,"{""exceptionID"":0,""message"":""An unexpected error occurred: null"",""timestamp"":1711372359116}",POST http://perseus/service-ng/api/vehicle/v1/gcid/8584ff29-fef4-4f6a-b6e7-202d41f1ddb6/vin
"Mar 25, 2024 @ 14:12:28.147",Response,"{""exceptionID"":0,""message"":""An unexpected error occurred: null"",""timestamp"":1711372348147}",POST http://perseus/service-ng/api/vehicle/v1/gcid/8584ff29-fef4-4f6a-b6e7-202d41f1ddb6/vin
"Mar 25, 2024 @ 14:12:17.269",Response,"{""exceptionID"":0,""message"":""An unexpected error occurred: null"",""timestamp"":1711372337268}",POST http://perseus/service-ng/api/vehicle/v1/gcid/8584ff29-fef4-4f6a-b6e7-202d41f1ddb6/vin
"Mar 25, 2024 @ 14:12:07.211",Response,"{""exceptionID"":0,""message"":""An unexpected error occurred: null"",""timestamp"":1711372327211}",POST http://perseus/service-ng/api/vehicle/v1/gcid/8584ff29-fef4-4f6a-b6e7-202d41f1ddb6/vin
"Mar 25, 2024 @ 14:11:56.196",Response,"{""exceptionID"":0,""message"":""An unexpected error occurred: null"",""timestamp"":1711372316196}",POST http://perseus/service-ng/api/vehicle/v1/gcid/8584ff29-fef4-4f6a-b6e7-202d41f1ddb6/vin
"Mar 25, 2024 @ 14:11:45.285",Response,"{""exceptionID"":0,""message"":""An unexpected error occurred: null"",""timestamp"":1711372305285}",POST http://perseus/service-ng/api/vehicle/v1/gcid/8584ff29-fef4-4f6a-b6e7-202d41f1ddb6/vin
"Mar 25, 2024 @ 14:11:35.188",Response,"{""exceptionID"":0,""message"":""An unexpected error occurred: null"",""timestamp"":1711372295187}",POST http://perseus/service-ng/api/vehicle/v1/gcid/8584ff29-fef4-4f6a-b6e7-202d41f1ddb6/vin
"Mar 25, 2024 @ 14:11:24.214",Response,"{""exceptionID"":0,""message"":""An unexpected error occurred: null"",""timestamp"":1711372284214}",POST http://perseus/service-ng/api/vehicle/v1/gcid/8584ff29-fef4-4f6a-b6e7-202d41f1ddb6/vin
"Mar 25, 2024 @ 14:11:14.261",Response,"{""exceptionID"":0,""message"":""An unexpected error occurred: null"",""timestamp"":1711372274260}",POST http://perseus/service-ng/api/vehicle/v1/gcid/8584ff29-fef4-4f6a-b6e7-202d41f1ddb6/vin
"Mar 25, 2024 @ 14:11:03.299",Response,"{""exceptionID"":0,""message"":""An unexpected error occurred: null"",""timestamp"":1711372263298}",POST http://perseus/service-ng/api/vehicle/v1/gcid/8584ff29-fef4-4f6a-b6e7-202d41f1ddb6/vin
"Mar 25, 2024 @ 14:10:52.296",Response,"{""exceptionID"":0,""message"":""An unexpected error occurred: null"",""timestamp"":1711372252296}",POST http://perseus/service-ng/api/vehicle/v1/gcid/8584ff29-fef4-4f6a-b6e7-202d41f1ddb6/vin
"Mar 25, 2024 @ 14:10:41.208",Response,"{""exceptionID"":0,""message"":""An unexpected error occurred: null"",""timestamp"":1711372241208}",POST http://perseus/service-ng/api/vehicle/v1/gcid/8584ff29-fef4-4f6a-b6e7-202d41f1ddb6/vin
"Mar 25, 2024 @ 14:10:31.170",Response,"{""exceptionID"":0,""message"":""An unexpected error occurred: null"",""timestamp"":1711372231169}",POST http://perseus/service-ng/api/vehicle/v1/gcid/8584ff29-fef4-4f6a-b6e7-202d41f1ddb6/vin
"Mar 25, 2024 @ 14:10:20.182",Response,"{""exceptionID"":0,""message"":""An unexpected error occurred: null"",""timestamp"":1711372220181}",POST http://perseus/service-ng/api/vehicle/v1/gcid/8584ff29-fef4-4f6a-b6e7-202d41f1ddb6/vin
"Mar 25, 2024 @ 14:10:09.408",Response,"{""exceptionID"":0,""message"":""An unexpected error occurred: null"",""timestamp"":1711372209408}",POST http://perseus/service-ng/api/vehicle/v1/gcid/8584ff29-fef4-4f6a-b6e7-202d41f1ddb6/vin
"Mar 25, 2024 @ 14:09:58.216",Response,"{""exceptionID"":0,""message"":""An unexpected error occurred: null"",""timestamp"":1711372198216}",POST http://perseus/service-ng/api/vehicle/v1/gcid/8584ff29-fef4-4f6a-b6e7-202d41f1ddb6/vin
"Mar 25, 2024 @ 14:09:47.298",Response,"{""exceptionID"":0,""message"":""An unexpected error occurred: null"",""timestamp"":1711372187297}",POST http://perseus/service-ng/api/vehicle/v1/gcid/8584ff29-fef4-4f6a-b6e7-202d41f1ddb6/vin
"Mar 25, 2024 @ 14:09:36.289",Response,"{""exceptionID"":0,""message"":""An unexpected error occurred: null"",""timestamp"":1711372176289}",POST http://perseus/service-ng/api/vehicle/v1/gcid/8584ff29-fef4-4f6a-b6e7-202d41f1ddb6/vin
"Mar 25, 2024 @ 14:09:26.182",Response,"{""exceptionID"":0,""message"":""An unexpected error occurred: null"",""timestamp"":1711372166182}",POST http://perseus/service-ng/api/vehicle/v1/gcid/8584ff29-fef4-4f6a-b6e7-202d41f1ddb6/vin
"Mar 25, 2024 @ 14:09:16.459",Response,"{""exceptionID"":0,""message"":""An unexpected error occurred: null"",""timestamp"":1711372156459}",POST http://perseus/service-ng/api/vehicle/v1/gcid/8584ff29-fef4-4f6a-b6e7-202d41f1ddb6/vin
"Mar 25, 2024 @ 14:09:05.291",Response,"{""exceptionID"":0,""message"":""An unexpected error occurred: null"",""timestamp"":1711372145291}",POST http://perseus/service-ng/api/vehicle/v1/gcid/8584ff29-fef4-4f6a-b6e7-202d41f1ddb6/vin
"Mar 25, 2024 @ 14:08:54.214",Response,"{""exceptionID"":0,""message"":""An unexpected error occurred: null"",""timestamp"":1711372134214}",POST http://perseus/service-ng/api/vehicle/v1/gcid/8584ff29-fef4-4f6a-b6e7-202d41f1ddb6/vin
"Mar 25, 2024 @ 14:08:43.389",Response,"{""exceptionID"":0,""message"":""An unexpected error occurred: null"",""timestamp"":1711372123389}",POST http://perseus/service-ng/api/vehicle/v1/gcid/8584ff29-fef4-4f6a-b6e7-202d41f1ddb6/vin
"Mar 25, 2024 @ 14:08:33.462",Response,"{""exceptionID"":0,""message"":""An unexpected error occurred: null"",""timestamp"":1711372113462}",POST http://perseus/service-ng/api/vehicle/v1/gcid/8584ff29-fef4-4f6a-b6e7-202d41f1ddb6/vin
"Mar 25, 2024 @ 14:08:22.291",Response,"{""exceptionID"":0,""message"":""An unexpected error occurred: null"",""timestamp"":1711372102291}",POST http://perseus/service-ng/api/vehicle/v1/gcid/8584ff29-fef4-4f6a-b6e7-202d41f1ddb6/vin
"Mar 25, 2024 @ 14:08:11.530",Response,"{""exceptionID"":0,""message"":""An unexpected error occurred: null"",""timestamp"":1711372091529}",POST http://perseus/service-ng/api/vehicle/v1/gcid/8584ff29-fef4-4f6a-b6e7-202d41f1ddb6/vin
"Mar 25, 2024 @ 14:08:00.370",Response,"{""exceptionID"":0,""message"":""An unexpected error occurred: null"",""timestamp"":1711372080369}",POST http://perseus/service-ng/api/vehicle/v1/gcid/8584ff29-fef4-4f6a-b6e7-202d41f1ddb6/vin
"Mar 25, 2024 @ 14:07:49.413",Response,"{""exceptionID"":0,""message"":""An unexpected error occurred: null"",""timestamp"":1711372069413}",POST http://perseus/service-ng/api/vehicle/v1/gcid/8584ff29-fef4-4f6a-b6e7-202d41f1ddb6/vin
"Mar 25, 2024 @ 14:07:39.218",Response,"{""exceptionID"":0,""message"":""An unexpected error occurred: null"",""timestamp"":1711372059218}",POST http://perseus/service-ng/api/vehicle/v1/gcid/8584ff29-fef4-4f6a-b6e7-202d41f1ddb6/vin
"Mar 25, 2024 @ 14:07:28.300",Response,"{""exceptionID"":0,""message"":""An unexpected error occurred: null"",""timestamp"":1711372048299}",POST http://perseus/service-ng/api/vehicle/v1/gcid/8584ff29-fef4-4f6a-b6e7-202d41f1ddb6/vin
"Mar 25, 2024 @ 14:07:17.536",Response,"{""exceptionID"":0,""message"":""An unexpected error occurred: null"",""timestamp"":1711372037535}",POST http://perseus/service-ng/api/vehicle/v1/gcid/8584ff29-fef4-4f6a-b6e7-202d41f1ddb6/vin
"Mar 25, 2024 @ 14:07:06.356",Response,"{""exceptionID"":0,""message"":""An unexpected error occurred: null"",""timestamp"":1711372026356}",POST http://perseus/service-ng/api/vehicle/v1/gcid/8584ff29-fef4-4f6a-b6e7-202d41f1ddb6/vin
"Mar 25, 2024 @ 14:06:55.937",Response,"{""exceptionID"":0,""message"":""An unexpected error occurred: null"",""timestamp"":1711372015936}",POST http://perseus/service-ng/api/vehicle/v1/gcid/8584ff29-fef4-4f6a-b6e7-202d41f1ddb6/vin
"Mar 25, 2024 @ 14:06:44.249",Response,"{""exceptionID"":0,""message"":""An unexpected error occurred: null"",""timestamp"":1711372004249}",POST http://perseus/service-ng/api/vehicle/v1/gcid/8584ff29-fef4-4f6a-b6e7-202d41f1ddb6/vin
"Mar 25, 2024 @ 14:06:33.392",Response,"{""exceptionID"":0,""message"":""An unexpected error occurred: null"",""timestamp"":1711371993392}",POST http://perseus/service-ng/api/vehicle/v1/gcid/8584ff29-fef4-4f6a-b6e7-202d41f1ddb6/vin
"Mar 25, 2024 @ 14:06:22.241",Response,"{""exceptionID"":0,""message"":""An unexpected error occurred: null"",""timestamp"":1711371982241}",POST http://perseus/service-ng/api/vehicle/v1/gcid/8584ff29-fef4-4f6a-b6e7-202d41f1ddb6/vin
"Mar 25, 2024 @ 14:06:11.372",Response,"{""exceptionID"":0,""message"":""An unexpected error occurred: null"",""timestamp"":1711371971372}",POST http://perseus/service-ng/api/vehicle/v1/gcid/8584ff29-fef4-4f6a-b6e7-202d41f1ddb6/vin
"Mar 25, 2024 @ 14:06:00.429",Response,"{""exceptionID"":0,""message"":""An unexpected error occurred: null"",""timestamp"":1711371960429}",POST http://perseus/service-ng/api/vehicle/v1/gcid/8584ff29-fef4-4f6a-b6e7-202d41f1ddb6/vin
"Mar 25, 2024 @ 14:05:50.155",Response,"{""exceptionID"":0,""message"":""An unexpected error occurred: null"",""timestamp"":1711371950155}",POST http://perseus/service-ng/api/vehicle/v1/gcid/8584ff29-fef4-4f6a-b6e7-202d41f1ddb6/vin
"Mar 25, 2024 @ 14:05:40.112",Response,"{""exceptionID"":0,""message"":""An unexpected error occurred: null"",""timestamp"":1711371940112}",POST http://perseus/service-ng/api/vehicle/v1/gcid/8584ff29-fef4-4f6a-b6e7-202d41f1ddb6/vin
"Mar 25, 2024 @ 14:05:35.275",Response,"{""exceptionID"":0,""message"":""An unexpected error occurred: Exception [EclipseLink-4002] (Eclipse Persistence Services - 2.7.9.payara-p1): org.eclipse.persistence.exceptions.DatabaseException\nInternal Exception: org.postgresql.util.PSQLException: ERROR: duplicate key value violates unique constraint \""serverversion_pkey\""\n  Detail: Key (gcid)=(bcce6f29-c332-40af-a793-475af7b3cb98) already exists.\nError Code: 0\nCall: INSERT INTO serverVersion (GCID, lock_version, SERVERTIMESTAMP, SERVERVERSION) VALUES (?, ?, ?, ?)\n\tbind => [4 parameters bound]\nQuery: InsertObjectQuery(ServerVersionBE(gcid=bcce6f29-c332-40af-a793-475af7b3cb98, serverVersion=0, serverTimestamp=1711371935212))"",""timestamp"":1711371935275}",PUT http://perseus/service-ng/api/offboard/v1/domains/hmi/schemas/mobileappusage/schema-versions/1.0
"Mar 25, 2024 @ 14:05:29.154",Response,"{""exceptionID"":0,""message"":""An unexpected error occurred: null"",""timestamp"":1711371929153}",POST http://perseus/service-ng/api/vehicle/v1/gcid/8584ff29-fef4-4f6a-b6e7-202d41f1ddb6/vin
"Mar 25, 2024 @ 14:05:18.129",Response,"{""exceptionID"":0,""message"":""An unexpected error occurred: null"",""timestamp"":1711371918129}",POST http://perseus/service-ng/api/vehicle/v1/gcid/8584ff29-fef4-4f6a-b6e7-202d41f1ddb6/vin
"Mar 25, 2024 @ 14:05:07.131",Response,"{""exceptionID"":0,""message"":""An unexpected error occurred: null"",""timestamp"":1711371907131}",POST http://perseus/service-ng/api/vehicle/v1/gcid/8584ff29-fef4-4f6a-b6e7-202d41f1ddb6/vin
"Mar 25, 2024 @ 14:04:57.137",Response,"{""exceptionID"":0,""message"":""An unexpected error occurred: null"",""timestamp"":1711371897137}",POST http://perseus/service-ng/api/vehicle/v1/gcid/8584ff29-fef4-4f6a-b6e7-202d41f1ddb6/vin
"Mar 25, 2024 @ 14:04:47.105",Response,"{""exceptionID"":0,""message"":""An unexpected error occurred: null"",""timestamp"":1711371887105}",POST http://perseus/service-ng/api/vehicle/v1/gcid/8584ff29-fef4-4f6a-b6e7-202d41f1ddb6/vin
"Mar 25, 2024 @ 14:04:37.201",Response,"{""exceptionID"":0,""message"":""An unexpected error occurred: null"",""timestamp"":1711371877201}",POST http://perseus/service-ng/api/vehicle/v1/gcid/8584ff29-fef4-4f6a-b6e7-202d41f1ddb6/vin
"Mar 25, 2024 @ 14:04:26.095",Response,"{""exceptionID"":0,""message"":""An unexpected error occurred: null"",""timestamp"":1711371866095}",POST http://perseus/service-ng/api/vehicle/v1/gcid/8584ff29-fef4-4f6a-b6e7-202d41f1ddb6/vin
"Mar 25, 2024 @ 14:04:15.442",Response,"{""exceptionID"":0,""message"":""An unexpected error occurred: null"",""timestamp"":1711371855442}",POST http://perseus/service-ng/api/vehicle/v1/gcid/8584ff29-fef4-4f6a-b6e7-202d41f1ddb6/vin
"Mar 25, 2024 @ 14:04:04.073",Response,"{""exceptionID"":0,""message"":""An unexpected error occurred: null"",""timestamp"":1711371844073}",POST http://perseus/service-ng/api/vehicle/v1/gcid/8584ff29-fef4-4f6a-b6e7-202d41f1ddb6/vin
"Mar 25, 2024 @ 14:03:53.146",Response,"{""exceptionID"":0,""message"":""An unexpected error occurred: null"",""timestamp"":1711371833146}",POST http://perseus/service-ng/api/vehicle/v1/gcid/8584ff29-fef4-4f6a-b6e7-202d41f1ddb6/vin
"Mar 25, 2024 @ 14:03:42.824",Response,"{""exceptionID"":0,""message"":""An unexpected error occurred: null"",""timestamp"":1711371822824}",POST http://perseus/service-ng/api/vehicle/v1/gcid/8584ff29-fef4-4f6a-b6e7-202d41f1ddb6/vin
"Mar 25, 2024 @ 14:00:40.897",Response,"{""exceptionID"":0,""message"":""Could not get lock for saving migration data."",""timestamp"":1711371640896}",GET http://perseus/service-ng/api/vehicle/v1/gcid/1c8dd218-766c-4ea2-98a9-e32d0b3a9f8e/vin/WBY71GM0105Z04441/pds
"Mar 25, 2024 @ 14:00:33.515",Response,"{""exceptionID"":0,""message"":""An unexpected error occurred: Exception [EclipseLink-4002] (Eclipse Persistence Services - 2.7.9.payara-p1): org.eclipse.persistence.exceptions.DatabaseException\nInternal Exception: org.postgresql.util.PSQLException: ERROR: duplicate key value violates unique constraint \""serverversion_pkey\""\n  Detail: Key (gcid)=(bfee1c6f-31ce-41b7-b88b-b7224c895257) already exists.\nError Code: 0\nCall: INSERT INTO serverVersion (GCID, lock_version, SERVERTIMESTAMP, SERVERVERSION) VALUES (?, ?, ?, ?)\n\tbind => [4 parameters bound]\nQuery: InsertObjectQuery(ServerVersionBE(gcid=bfee1c6f-31ce-41b7-b88b-b7224c895257, serverVersion=0, serverTimestamp=1711371633161))"",""timestamp"":1711371633514}",PUT http://perseus/service-ng/api/offboard/v1/domains/hmi/schemas/mobileappusage/schema-versions/1.0
"Mar 25, 2024 @ 13:59:57.575",Response,"{""exceptionID"":0,""message"":""An unexpected error occurred: Exception [EclipseLink-4002] (Eclipse Persistence Services - 2.7.9.payara-p1): org.eclipse.persistence.exceptions.DatabaseException\nInternal Exception: org.postgresql.util.PSQLException: ERROR: duplicate key value violates unique constraint \""serverversion_pkey\""\n  Detail: Key (gcid)=(2abdcf9d-3183-4696-8a5e-7a54dc848428) already exists.\nError Code: 0\nCall: INSERT INTO serverVersion (GCID, lock_version, SERVERTIMESTAMP, SERVERVERSION) VALUES (?, ?, ?, ?)\n\tbind => [4 parameters bound]\nQuery: InsertObjectQuery(ServerVersionBE(gcid=2abdcf9d-3183-4696-8a5e-7a54dc848428, serverVersion=0, serverTimestamp=1711371597317))"",""timestamp"":1711371597575}",PUT http://perseus/service-ng/api/offboard/v1/domains/hmi/schemas/mobileappusage/schema-versions/1.0
"Mar 25, 2024 @ 13:58:59.672",Response,"{""exceptionID"":0,""message"":""An unexpected error occurred: Exception [EclipseLink-4002] (Eclipse Persistence Services - 2.7.9.payara-p1): org.eclipse.persistence.exceptions.DatabaseException\nInternal Exception: org.postgresql.util.PSQLException: ERROR: duplicate key value violates unique constraint \""serverversion_pkey\""\n  Detail: Key (gcid)=(cfd27908-4b43-467b-9415-ab28680e4605) already exists.\nError Code: 0\nCall: INSERT INTO serverVersion (GCID, lock_version, SERVERTIMESTAMP, SERVERVERSION) VALUES (?, ?, ?, ?)\n\tbind => [4 parameters bound]\nQuery: InsertObjectQuery(ServerVersionBE(gcid=cfd27908-4b43-467b-9415-ab28680e4605, serverVersion=0, serverTimestamp=1711371539615))"",""timestamp"":1711371539672}",PUT http://perseus/service-ng/api/offboard/v1/domains/hmi/schemas/mobileappusage/schema-versions/1.0
"Mar 25, 2024 @ 13:51:45.215",Response,"{""exceptionID"":0,""message"":""An unexpected error occurred: Exception [EclipseLink-4002] (Eclipse Persistence Services - 2.7.9.payara-p1): org.eclipse.persistence.exceptions.DatabaseException\nInternal Exception: org.postgresql.util.PSQLException: ERROR: duplicate key value violates unique constraint \""serverversion_pkey\""\n  Detail: Key (gcid)=(98d37a03-7d67-4d76-8b16-859fba943cb3) already exists.\nError Code: 0\nCall: INSERT INTO serverVersion (GCID, lock_version, SERVERTIMESTAMP, SERVERVERSION) VALUES (?, ?, ?, ?)\n\tbind => [4 parameters bound]\nQuery: InsertObjectQuery(ServerVersionBE(gcid=98d37a03-7d67-4d76-8b16-859fba943cb3, serverVersion=0, serverTimestamp=1711371105020))"",""timestamp"":1711371105214}",PUT http://perseus/service-ng/api/offboard/v1/domains/hmi/schemas/mobileappusage/schema-versions/1.0
"Mar 25, 2024 @ 13:49:17.013",Response,"{""exceptionID"":259901,""message"":""You cannot create an association for this user. The user is unknown to the GCDM."",""timestamp"":1711370957011}",POST http://perseus/service-ng/api/offboard/v1/association/gcid/vin
"Mar 25, 2024 @ 13:49:15.680",Response,"{""exceptionID"":259901,""message"":""You cannot create an association for this user. The user is unknown to the GCDM."",""timestamp"":1711370955678}",POST http://perseus/service-ng/api/offboard/v1/association/gcid/vin
"Mar 25, 2024 @ 13:49:15.016",Response,"{""exceptionID"":259901,""message"":""You cannot create an association for this user. The user is unknown to the GCDM."",""timestamp"":1711370955013}",POST http://perseus/service-ng/api/offboard/v1/association/gcid/vin
